VCFlineNum	CHROM	POS	ID	REF	ALT	QUAL	medianDP	medianGQ	homoRefCount	hetCount	homoAltCount	ALT_SNP_freq_cydno	rawAlleleCount_cydno	ALT_SNP_freq_melpomene	rawAlleleCount_melpomene	ALT_SNP_freq_pachinus	rawAlleleCount_pachinus
365	Hmel201001o	474	.	G	A	13231.55	16	48	8	1	21	1	20	0.15	20	1	20
366	Hmel201001o	496	.	T	G	2679.89	22	69	24	5	1	0.2	20	0.15	20	0	20
367	Hmel201001o	536	.	T	C	23721.37	23	69	1	3	26	1	20	0.75	20	1	20
368	Hmel201001o	557	.	C	G	10803.52	24	69	14	4	12	0.5	20	0	20	0.9	20
369	Hmel201001o	578	.	A	T	12035.92	24	69	13	5	12	0.55	20	0	20	0.9	20
370	Hmel201001o	793	.	A	G	2253.89	23	72	24	5	1	0.2	20	0.15	20	0	20
371	Hmel201001o	839	.	A	T	2788.89	24	72	24	5	1	0.2	20	0.15	20	0	20
372	Hmel201001o	974	.	T	C	26840.94	25	72	0	1	29	1	20	0.95	20	1	20
373	Hmel201001o	1041	.	T	C	15463.18	25	66	10	4	16	0.75	20	0.15	20	0.9	20
374	Hmel201001o	1054	.	C	G	20173.84	23	66	8	1	21	1	20	0.15	20	1	20
375	Hmel201001o	1085	.	C	T	20463.84	25	75	8	1	21	1	20	0.15	20	1	20
376	Hmel201001o	1188	.	G	T	18107.84	22	66	8	1	21	1	20	0.15	20	1	20
377	Hmel201001o	1195	.	G	T	20628.98	22	66	3	4	23	1	20	0.5	20	1	20
378	Hmel201001o	1237	.	G	A	14016.86	19	54	8	1	21	1	20	0.15	20	1	20
379	Hmel201001o	1345	.	G	A	2270.90	22	63	24	5	1	0.2	20	0.15	20	0	20
380	Hmel201001o	1356	.	G	A	1458.47	22	60	26	3	1	0.15	20	0	20	0.1	20
381	Hmel201001o	1584	.	C	T	848.22	10	30	24	5	1	0.2	20	0.15	20	0	20
382	Hmel201001o	1642	.	C	G	2660.94	6	18	12	4	11	0.555556	18	0	18	0.888889	18
383	Hmel201001o	1773	.	A	G	100.80	4	12	23	4	2	0.2	20	0.05	20	0.166667	18
384	Hmel201001o	3041	.	A	G	6625.46	7	24	8	1	21	1	20	0.15	20	1	20
385	Hmel201001o	3046	.	T	A	3900.70	7	21	14	5	11	0.5	20	0	20	0.85	20
386	Hmel201001o	3051	.	A	G	474.18	7	21	26	3	1	0.15	20	0	20	0.1	20
387	Hmel201001o	3336	.	A	G	539.15	13	33	26	3	1	0	20	0.25	20	0	20
388	Hmel201001o	3509	.	T	C	8085.80	9	24	3	5	22	0.95	20	0.5	20	1	20
389	Hmel201001o	3537	.	C	A	6861.28	12	36	13	5	12	0.55	20	0	20	0.9	20
390	Hmel201001o	3617	.	G	A	547.69	13	30	26	3	1	0.1	20	0.15	20	0	20
391	Hmel201001o	3716	.	A	G	4940.83	10	27	14	4	12	0.5	20	0	20	0.9	20
392	Hmel201001o	3755	.	C	G	823.87	10	30	24	5	1	0	20	0.35	20	0	20
393	Hmel201001o	3780	.	C	T	493.25	9	27	26	3	1	0.15	20	0	20	0.1	20
394	Hmel201001o	3797	.	C	T	502.04	8	27	23	5	1	0.15	20	0.2	20	0	18
395	Hmel201001o	4092	.	A	G	10514.18	14	42	8	1	21	1	20	0.15	20	1	20
396	Hmel201001o	4216	.	A	G	9449.63	13	39	8	1	21	1	20	0.15	20	1	20
397	Hmel201001o	4242	.	G	C	1713.90	15	45	24	5	1	0.2	20	0.15	20	0	20
398	Hmel201001o	4443	.	C	T	1576.92	13	42	24	5	1	0.2	20	0.15	20	0	20
399	Hmel201001o	4445	.	C	T	11305.02	13	39	8	1	21	1	20	0.15	20	1	20
400	Hmel201001o	4450	.	G	A	1685.93	14	45	24	5	1	0.2	20	0.15	20	0	20
401	Hmel201001o	4475	.	A	T	1316.31	14	42	25	3	2	0.25	20	0	20	0.1	20
402	Hmel201001o	4507	.	A	C	1070.77	13	42	24	5	1	0.2	20	0.15	20	0	20
403	Hmel201001o	4510	.	C	G	8798.99	12	39	10	4	16	0.8	20	0	20	1	20
404	Hmel201001o	4543	.	C	T	1075.50	12	39	24	5	1	0.2	20	0.15	20	0	20
405	Hmel201001o	4545	.	G	C	8192.26	12	39	10	4	16	0.8	20	0	20	1	20
406	Hmel201001o	4549	.	T	A	9606.75	12	36	8	1	21	1	20	0.15	20	1	20
407	Hmel201001o	4555	.	A	G	9364.76	11	33	8	1	21	1	20	0.15	20	1	20
408	Hmel201001o	4623	.	T	C	5041.33	12	39	13	5	12	0.55	20	0	20	0.9	20
409	Hmel201001o	4626	.	A	T	8606.39	11	33	8	1	21	1	20	0.15	20	1	20
410	Hmel201001o	4644	.	C	A	9178.30	12	36	8	1	21	1	20	0.15	20	1	20
411	Hmel201001o	4661	.	G	A	1576.41	11	33	24	5	1	0	20	0.35	20	0	20
412	Hmel201001o	4675	.	C	A	8285.63	11	30	8	1	21	1	20	0.15	20	1	20
413	Hmel201001o	4706	.	G	A	5318.78	11	36	13	6	11	0.5	20	0.05	20	0.85	20
414	Hmel201001o	4726	.	A	G	749	11	33	24	5	1	0.2	20	0.15	20	0	20
415	Hmel201001o	4764	.	G	A	7835.03	10	30	8	2	20	0.95	20	0.15	20	1	20
416	Hmel201001o	4922	.	A	T	590.68	6	12	20	8	1	0.2	20	0	18	0.3	20
417	Hmel201001o	4924	.	T	A	268.68	8	15	24	3	2	0.25	20	0.111111	18	0	20
418	Hmel201001o	4932	.	A	T	2492.20	10	18	16	8	6	0.35	20	0	20	0.65	20
419	Hmel201001o	4991	.	C	T	6227.95	9	27	8	4	18	0.9	20	0.15	20	0.95	20
420	Hmel201001o	5040	.	T	A	770.30	9	27	24	5	1	0.2	20	0.15	20	0	20
421	Hmel201001o	5064	.	A	T	520.63	11	30	24	5	1	0.2	20	0.15	20	0	20
422	Hmel201001o	5137	.	A	G	9737.28	14	42	10	4	16	0.8	20	0	20	1	20
423	Hmel201001o	5157	.	T	A	1411.94	13	42	24	5	1	0	20	0.35	20	0	20
424	Hmel201001o	5198	.	C	T	10387.82	13	39	8	1	21	1	20	0.15	20	1	20
425	Hmel201001o	5201	.	A	T	1056.91	13	42	24	5	1	0.2	20	0.15	20	0	20
426	Hmel201001o	5237	.	C	T	627.63	14	45	26	3	1	0.15	20	0	20	0.1	20
427	Hmel201001o	5259	.	C	T	12282.66	15	42	8	1	21	1	20	0.15	20	1	20
428	Hmel201001o	5301	.	T	G	15391.04	16	51	3	4	23	1	20	0.5	20	1	20
429	Hmel201001o	5336	.	G	A	1880.90	20	63	24	5	1	0	20	0.35	20	0	20
430	Hmel201001o	5415	.	G	A	12189.82	22	63	14	4	12	0.5	20	0	20	0.9	20
431	Hmel201001o	5462	.	T	A	2400.21	24	78	24	5	1	0	20	0.35	20	0	20
432	Hmel201001o	5464	.	C	A	7786.04	25	81	16	10	4	0.35	20	0	20	0.55	20
433	Hmel201001o	5510	.	T	C	2874.92	18	48	24	5	1	0	20	0.35	20	0	20
434	Hmel201001o	5527	.	T	G	138.13	21	57	10	0	4	0.5	4	0	18	1	6
435	Hmel201001o	5540	.	T	C	2542.09	23	99	3	4	2	nan	0	0.444444	18	nan	0
436	Hmel201001o	5591	.	T	G	718.60	18	45	5	4	2	0	4	0.444444	18	nan	0
437	Hmel201001o	5626	.	T	A	260.06	10	12	21	2	1	0.1	20	0	20	0.25	8
438	Hmel201001o	5687	.	T	C	14032.87	21	57	8	1	21	1	20	0.15	20	1	20
439	Hmel201001o	5692	.	C	T	17310.99	20	54	3	4	23	1	20	0.5	20	1	20
440	Hmel201001o	5726	.	A	G	2146.90	21	63	24	5	1	0.2	20	0.15	20	0	20
441	Hmel201001o	5749	.	A	G	16642.86	21	57	8	1	21	1	20	0.15	20	1	20
442	Hmel201001o	5765	.	G	A	2136.90	21	63	24	5	1	0.2	20	0.15	20	0	20
443	Hmel201001o	5773	.	C	A	2256.78	19	57	26	2	2	0.2	20	0	20	0.1	20
444	Hmel201001o	5775	.	T	C	18510.01	20	60	3	4	23	1	20	0.5	20	1	20
445	Hmel201001o	5804	.	G	A	1664.86	23	69	27	2	1	0.05	20	0	20	0.15	20
446	Hmel201001o	5851	.	T	C	2636.90	24	60	24	5	1	0	20	0.35	20	0	20
447	Hmel201001o	5944	.	G	A	21737.51	25	75	3	4	23	1	20	0.5	20	1	20
448	Hmel201001o	5980	.	G	A	2121.61	25	69	26	3	1	0.2	20	0	20	0.05	20
449	Hmel201001o	5987	.	G	A	3177.90	25	75	24	5	1	0	20	0.35	20	0	20
450	Hmel201001o	6022	.	T	C	3233.06	23	75	24	5	1	0	20	0.35	20	0	20
451	Hmel201001o	6124	.	T	C	16584.99	19	57	3	4	23	1	20	0.5	20	1	20
452	Hmel201001o	6140	.	A	C	13842.22	19	57	8	2	20	0.95	20	0.15	20	1	20
453	Hmel201001o	6154	.	G	A	13536.28	22	75	8	8	14	0.55	20	0.35	20	0.9	20
454	Hmel201001o	6167	.	T	C	24793.25	21	63	0	2	28	1	20	0.9	20	1	20
455	Hmel201001o	6179	.	A	T	17376.99	24	69	8	1	21	1	20	0.15	20	1	20
456	Hmel201001o	6223	.	T	C	3200.74	24	75	24	5	1	0	20	0.35	20	0	20
457	Hmel201001o	6235	.	G	A	2752.89	25	75	24	5	1	0.2	20	0.15	20	0	20
458	Hmel201001o	6239	.	T	C	22597.97	24	72	3	4	23	1	20	0.5	20	1	20
459	Hmel201001o	6242	.	G	A	11513.62	24	72	14	4	12	0.5	20	0	20	0.9	20
460	Hmel201001o	6281	.	C	T	18494.06	23	66	8	1	21	1	20	0.15	20	1	20
461	Hmel201001o	6293	.	A	C	2523.89	25	75	24	5	1	0.2	20	0.15	20	0	20
462	Hmel201001o	6393	.	A	G	1993.85	29	87	27	2	1	0.05	20	0.15	20	0	20
463	Hmel201001o	6405	.	A	T	29027.98	30	90	3	4	23	1	20	0.5	20	1	20
464	Hmel201001o	6415	.	A	G	25117.84	30	87	8	1	21	1	20	0.15	20	1	20
465	Hmel201001o	6493	.	T	A	2775.89	28	90	24	5	1	0	20	0.35	20	0	20
